{
  "users": {
    "6282237949722@s.whatsapp.net": {
      "afkTime": -1,
      "afkReason": "",
      "limit": "Infinity"
    },
    "6282190161928@s.whatsapp.net": {
      "afkTime": -1,
      "afkReason": "",
      "limit": 5
    },
    "6285255312224@s.whatsapp.net": {
      "afkTime": -1,
      "afkReason": "",
      "limit": 5
    }
  },
  "chats": {
    "6282237949722@s.whatsapp.net": {
      "mute": false,
      "antilink": false
    },
    "6282190161928@s.whatsapp.net": {
      "mute": false,
      "antilink": false
    },
    "6285255312224@s.whatsapp.net": {
      "mute": false,
      "antilink": false
    }
  },
  "database": {},
  "game": {
    "tebaklagu": [],
    "family100": [],
    "math": [],
    "tebakgambar": [],
    "tebakkata": [],
    "lontong": [],
    "lontong_desk": [],
    "kalimat": [],
    "lirik": [],
    "tebakan": []
  },
  "settings": {
    "6282284928416@s.whatsapp.net": {
      "anticall": true,
      "status": 0,
      "autobio": false,
      "templateImage": true,
      "templateVideo": false,
      "templateGif": false,
      "templateMsg": false,
      "templateLocation": false
    }
  },
  "others": {
    "vote": []
  },
  "sticker": {},
  "anonymous": {}
}